{
  "productos": [
    {
      "id": 1,
      "nombre": "Lavadora",
      "descripcion": "Lavadora Insdustrial",
      "precio": 450000,
      "fecha": "2023-09-05T15:15:13.441Z",
      "cantidad": 567
    },
    {
      "id": 10,
      "nombre": "Harrys el Magnifico",
      "descripcion": "El Ingenioso",
      "precio": 100,
      "fecha": "2023-08-31T03:54:38.648Z",
      "cantidad": 200
    },
    {
      "id": 1011,
      "nombre": "Harrys el Magnifico",
      "descripcion": "El Ingenioso",
      "precio": 100,
      "fecha": "2023-08-31T04:10:14.155Z",
      "cantidad": 200
    },
    {
      "id": 1023,
      "nombre": "Harrys el Magnifico",
      "descripcion": "El Ingenioso",
      "precio": 100,
      "fecha": "2023-08-31T04:12:51.951Z",
      "cantidad": 200
    },
    {
      "id": 14,
      "nombre": "Harrys el Magnifico",
      "descripcion": "El Ingenioso",
      "precio": 100,
      "fecha": "2023-08-31T04:14:07.139Z",
      "cantidad": 200
    },
    {
      "id": 15,
      "nombre": "Harrys el Magnifico",
      "descripcion": "El Ingenioso",
      "precio": 100,
      "fecha": "2023-08-31T04:17:36.628Z",
      "cantidad": 200
    },
    {
      "id": 151,
      "nombre": "Harrys el Magnifico",
      "descripcion": "El Ingenioso",
      "precio": 100,
      "fecha": "2023-08-31T04:32:40.338Z",
      "cantidad": 200
    },
    {
      "id": 1511,
      "nombre": "Harrys el Magnifico",
      "descripcion": "El Ingenioso",
      "precio": 100,
      "fecha": "2023-08-31T04:47:59.716Z",
      "cantidad": 200
    }
  ],
  "usuarios": [
    {
      "id": "macarena@harrys.cl",
      "first_name": "Macarena Constanza",
      "last_name": "Harrys Harrys",
      "email": "macarena@harrys.cl",
      "clave": "123456"
    }
  ]
}